Observation,Energy
50001,40.0
50002,85.0
50003,50.0
50004,70.0
50005,55.0
50006,70.0
50007,110.0
50008,40.0
50009,75.0
50010,50.0
50011,50.0
50012,70.0
50013,55.0
50014,65.0
50015,55.0
50016,80.0
50017,55.0
50018,350.0
50019,55.0
50020,70.0
50021,60.0
50022,205.0
50023,110.0
50024,45.0
50025,60.0
50026,65.0
50027,245.0
50028,150.0
50029,55.0
50030,50.0
50031,50.0
50032,75.0
50033,60.0
50034,50.0
50035,100.0
50036,55.0
50037,50.0
50038,50.0
50039,90.0
50040,40.0
50041,50.0
50042,50.0
50043,40.0
50044,55.0
50045,80.0
50046,50.0
50047,50.0
50048,50.0
50049,45.0
50050,60.0
50051,105.0
50052,50.0
50053,50.0
50054,130.0
50055,75.0
50056,50.0
50057,60.0
50058,90.0
50059,65.0
50060,165.0
50061,55.0
50062,40.0
50063,45.0
50064,80.0
50065,50.0
50066,65.0
50067,115.0
50068,50.0
50069,115.0
50070,60.0
50071,95.0
50072,50.0
50073,145.0
50074,50.0
50075,40.0
50076,60.0
50077,50.0
50078,95.0
50079,125.0
50080,50.0
50081,55.0
50082,50.0
50083,50.0
50084,45.0
50085,60.0
50086,60.0
50087,100.0
50088,60.0
50089,50.0
50090,150.0
50091,45.0
50092,60.0
50093,165.0
50094,85.0
50095,50.0
50096,50.0
50097,45.0
50098,45.0
50099,80.0
50100,110.0
50101,45.0
50102,60.0
50103,70.0
50104,70.0
50105,50.0
50106,50.0
50107,50.0
50108,100.0
50109,55.0
50110,45.0
50111,50.0
50112,130.0
50113,50.0
50114,60.0
50115,60.0
50116,50.0
50117,60.0
50118,45.0
50119,210.0
50120,70.0
50121,340.0
50122,60.0
50123,55.0
50124,90.0
50125,55.0
50126,260.0
50127,65.0
50128,45.0
50129,120.0
50130,50.0
50131,90.0
50132,50.0
50133,50.0
50134,75.0
50135,60.0
50136,90.0
50137,240.0
50138,60.0
50139,45.0
50140,35.0
50141,305.0
50142,160.0
50143,45.0
50144,50.0
50145,80.0
50146,45.0
50147,75.0
50148,60.0
50149,90.0
50150,105.0
50151,220.0
50152,50.0
50153,90.0
50154,50.0
50155,40.0
50156,60.0
50157,90.0
50158,80.0
50159,50.0
50160,60.0
50161,55.0
50162,50.0
50163,50.0
50164,70.0
50165,135.0
50166,80.0
50167,90.0
50168,90.0
50169,50.0
50170,40.0
50171,50.0
50172,60.0
50173,50.0
50174,60.0
50175,50.0
50176,130.0
50177,60.0
50178,55.0
50179,45.0
50180,75.0
50181,235.0
50182,70.0
50183,45.0
50184,60.0
50185,55.0
50186,105.0
50187,115.0
50188,35.0
50189,70.0
50190,70.0
50191,45.0
50192,50.0
50193,50.0
50194,95.0
50195,60.0
50196,50.0
50197,45.0
50198,120.0
50199,50.0
50200,215.0
50201,55.0
50202,50.0
50203,165.0
50204,50.0
50205,90.0
50206,100.0
50207,50.0
50208,120.0
50209,90.0
50210,90.0
50211,60.0
50212,70.0
50213,590.0
50214,50.0
50215,115.0
50216,50.0
50217,35.0
50218,50.0
50219,90.0
50220,55.0
50221,50.0
50222,60.0
50223,20.0
50224,80.0
50225,50.0
50226,100.0
50227,110.0
50228,75.0
50229,60.0
50230,240.0
50231,510.0
50232,190.0
50233,60.0
50234,80.0
50235,210.0
50236,105.0
50237,50.0
50238,55.0
50239,45.0
50240,60.0
50241,50.0
50242,45.0
50243,50.0
50244,50.0
50245,60.0
50246,170.0
50247,85.0
50248,55.0
50249,100.0
50250,70.0
50251,40.0
50252,50.0
50253,75.0
50254,50.0
50255,65.0
50256,60.0
50257,45.0
50258,285.0
50259,65.0
50260,100.0
50261,105.0
50262,45.0
50263,65.0
50264,100.0
50265,50.0
50266,50.0
50267,60.0
50268,100.0
50269,70.0
50270,100.0
50271,105.0
50272,110.0
50273,135.0
50274,55.0
50275,40.0
50276,60.0
50277,325.0
50278,50.0
50279,50.0
50280,45.0
50281,50.0
50282,50.0
50283,280.0
50284,80.0
50285,55.0
50286,55.0
50287,50.0
50288,105.0
50289,65.0
50290,50.0
50291,60.0
50292,50.0
50293,55.0
50294,50.0
50295,140.0
50296,55.0
50297,250.0
50298,50.0
50299,70.0
50300,180.0
50301,30.0
50302,110.0
50303,80.0
50304,250.0
50305,45.0
50306,100.0
50307,50.0
50308,45.0
50309,50.0
50310,45.0
50311,145.0
50312,60.0
50313,90.0
50314,70.0
50315,45.0
50316,100.0
50317,55.0
50318,55.0
50319,50.0
50320,60.0
50321,50.0
50322,60.0
50323,50.0
50324,50.0
50325,95.0
50326,55.0
50327,135.0
50328,70.0
50329,45.0
50330,50.0
50331,60.0
50332,60.0
50333,60.0
50334,55.0
50335,215.0
50336,55.0
50337,120.0
50338,55.0
50339,45.0
50340,55.0
50341,30.0
50342,60.0
50343,35.0
50344,75.0
50345,40.0
50346,85.0
50347,55.0
50348,50.0
50349,50.0
50350,65.0
50351,45.0
50352,85.0
50353,250.0
50354,50.0
50355,60.0
50356,80.0
50357,315.0
50358,60.0
50359,65.0
50360,55.0
50361,130.0
50362,75.0
50363,45.0
50364,80.0
50365,55.0
50366,50.0
50367,130.0
50368,300.0
50369,50.0
50370,70.0
50371,320.0
50372,50.0
50373,105.0
50374,100.0
50375,405.0
50376,55.0
50377,70.0
50378,60.0
50379,70.0
50380,225.0
50381,85.0
50382,80.0
50383,50.0
50384,55.0
50385,50.0
50386,40.0
50387,65.0
50388,50.0
50389,45.0
50390,55.0
50391,135.0
50392,50.0
50393,55.0
50394,55.0
50395,135.0
50396,55.0
50397,50.0
50398,75.0
50399,65.0
50400,45.0
50401,55.0
50402,60.0
50403,100.0
50404,55.0
50405,45.0
50406,95.0
50407,50.0
50408,100.0
50409,120.0
50410,150.0
50411,50.0
50412,110.0
50413,50.0
50414,90.0
50415,85.0
50416,50.0
50417,60.0
50418,70.0
50419,40.0
50420,120.0
50421,70.0
50422,60.0
50423,50.0
50424,70.0
50425,60.0
50426,90.0
50427,50.0
50428,100.0
50429,100.0
50430,80.0
50431,50.0
50432,60.0
50433,45.0
50434,55.0
50435,50.0
50436,50.0
50437,75.0
50438,70.0
50439,100.0
50440,60.0
50441,55.0
50442,50.0
50443,45.0
50444,95.0
50445,380.0
50446,75.0
50447,50.0
50448,40.0
50449,50.0
50450,90.0
50451,140.0
50452,40.0
50453,50.0
50454,45.0
50455,50.0
50456,60.0
50457,50.0
50458,50.0
50459,80.0
50460,65.0
50461,50.0
50462,280.0
50463,55.0
50464,160.0
50465,30.0
50466,90.0
50467,145.0
50468,130.0
50469,65.0
50470,60.0
50471,65.0
50472,50.0
50473,65.0
50474,95.0
50475,50.0
50476,55.0
50477,55.0
50478,70.0
50479,70.0
50480,55.0
50481,50.0
50482,140.0
50483,50.0
50484,50.0
50485,150.0
50486,50.0
50487,50.0
50488,90.0
50489,355.0
50490,60.0
50491,105.0
50492,205.0
50493,35.0
50494,50.0
50495,50.0
50496,60.0
50497,55.0
50498,70.0
50499,45.0
50500,50.0
50501,55.0
50502,40.0
50503,50.0
50504,40.0
50505,35.0
50506,40.0
50507,50.0
50508,55.0
50509,60.0
50510,60.0
50511,70.0
50512,55.0
50513,45.0
50514,60.0
50515,100.0
50516,110.0
50517,90.0
50518,50.0
50519,120.0
50520,140.0
50521,40.0
50522,90.0
50523,85.0
50524,35.0
50525,60.0
50526,45.0
50527,45.0
50528,70.0
50529,130.0
50530,45.0
50531,70.0
50532,65.0
50533,50.0
50534,60.0
50535,70.0
50536,70.0
50537,40.0
50538,300.0
50539,375.0
50540,50.0
50541,45.0
50542,60.0
50543,55.0
50544,60.0
50545,70.0
50546,50.0
50547,95.0
50548,50.0
50549,60.0
50550,45.0
50551,50.0
50552,70.0
50553,130.0
50554,45.0
50555,45.0
50556,85.0
50557,35.0
50558,175.0
50559,110.0
50560,190.0
50561,320.0
50562,105.0
50563,50.0
50564,50.0
50565,50.0
50566,365.0
50567,110.0
50568,60.0
50569,40.0
50570,60.0
50571,300.0
50572,160.0
50573,50.0
50574,65.0
50575,50.0
50576,50.0
50577,35.0
50578,65.0
50579,145.0
50580,90.0
50581,50.0
50582,35.0
50583,70.0
50584,50.0
50585,50.0
50586,85.0
50587,60.0
50588,40.0
50589,195.0
50590,70.0
50591,135.0
50592,50.0
50593,50.0
50594,50.0
50595,45.0
50596,50.0
50597,95.0
50598,120.0
50599,50.0
50600,50.0
50601,50.0
50602,55.0
50603,50.0
50604,105.0
50605,50.0
50606,45.0
50607,65.0
50608,45.0
50609,50.0
50610,50.0
50611,50.0
50612,35.0
50613,65.0
50614,40.0
50615,50.0
50616,85.0
50617,190.0
50618,50.0
50619,60.0
50620,55.0
50621,110.0
50622,175.0
50623,90.0
50624,75.0
50625,95.0
50626,115.0
50627,70.0
50628,75.0
50629,75.0
50630,50.0
50631,320.0
50632,65.0
50633,85.0
50634,490.0
50635,65.0
50636,280.0
50637,60.0
50638,90.0
50639,50.0
50640,50.0
50641,50.0
50642,30.0
50643,50.0
50644,60.0
50645,65.0
50646,110.0
50647,70.0
50648,50.0
50649,45.0
50650,110.0
50651,65.0
50652,50.0
50653,50.0
50654,50.0
50655,60.0
50656,60.0
50657,220.0
50658,70.0
50659,120.0
50660,115.0
50661,50.0
50662,45.0
50663,30.0
50664,50.0
50665,50.0
50666,60.0
50667,45.0
50668,45.0
50669,140.0
50670,230.0
50671,45.0
50672,50.0
50673,55.0
50674,45.0
50675,80.0
50676,55.0
50677,55.0
50678,75.0
50679,85.0
50680,100.0
50681,90.0
50682,50.0
50683,60.0
50684,60.0
50685,100.0
50686,40.0
50687,60.0
50688,45.0
50689,50.0
50690,40.0
50691,50.0
50692,295.0
50693,45.0
50694,60.0
50695,280.0
50696,50.0
50697,105.0
50698,60.0
50699,85.0
50700,55.0
50701,60.0
50702,300.0
50703,50.0
50704,20.0
50705,50.0
50706,50.0
50707,45.0
50708,100.0
50709,45.0
50710,50.0
50711,110.0
50712,45.0
50713,40.0
50714,60.0
50715,95.0
50716,50.0
50717,45.0
50718,65.0
50719,60.0
50720,70.0
50721,65.0
50722,105.0
50723,60.0
50724,50.0
50725,105.0
50726,45.0
50727,45.0
50728,180.0
50729,45.0
50730,300.0
50731,245.0
50732,70.0
50733,45.0
50734,210.0
50735,120.0
50736,120.0
50737,60.0
50738,110.0
50739,50.0
50740,60.0
50741,55.0
50742,120.0
50743,70.0
50744,35.0
50745,40.0
50746,140.0
50747,60.0
50748,120.0
50749,50.0
50750,100.0
50751,50.0
50752,170.0
50753,90.0
50754,35.0
50755,50.0
50756,70.0
50757,40.0
50758,45.0
50759,80.0
50760,60.0
50761,70.0
50762,50.0
50763,40.0
50764,55.0
50765,60.0
50766,50.0
50767,60.0
50768,55.0
50769,50.0
50770,50.0
50771,45.0
50772,75.0
50773,50.0
50774,65.0
50775,50.0
50776,60.0
50777,65.0
50778,165.0
50779,150.0
50780,60.0
50781,45.0
50782,35.0
50783,125.0
50784,235.0
50785,65.0
50786,50.0
50787,65.0
50788,155.0
50789,55.0
50790,50.0
50791,50.0
50792,50.0
50793,40.0
50794,40.0
50795,50.0
50796,55.0
50797,60.0
50798,205.0
50799,60.0
50800,130.0
50801,105.0
50802,100.0
50803,60.0
50804,140.0
50805,375.0
50806,50.0
50807,65.0
50808,100.0
50809,50.0
50810,75.0
50811,40.0
50812,135.0
50813,100.0
50814,390.0
50815,55.0
50816,45.0
50817,80.0
50818,115.0
50819,60.0
50820,140.0
50821,50.0
50822,95.0
50823,50.0
50824,310.0
50825,40.0
50826,55.0
50827,210.0
50828,50.0
50829,45.0
50830,45.0
50831,80.0
50832,100.0
50833,50.0
50834,70.0
50835,50.0
50836,50.0
50837,70.0
50838,50.0
50839,55.0
50840,60.0
50841,115.0
50842,40.0
50843,100.0
50844,55.0
50845,50.0
50846,40.0
50847,70.0
50848,60.0
50849,50.0
50850,50.0
50851,20.0
50852,70.0
50853,40.0
50854,45.0
50855,80.0
50856,100.0
50857,55.0
50858,40.0
50859,55.0
50860,45.0
50861,120.0
50862,50.0
50863,105.0
50864,90.0
50865,300.0
50866,75.0
50867,50.0
50868,55.0
50869,70.0
50870,40.0
50871,65.0
50872,60.0
50873,165.0
50874,55.0
50875,80.0
50876,450.0
50877,95.0
50878,75.0
50879,75.0
50880,115.0
50881,45.0
50882,310.0
50883,120.0
50884,70.0
50885,100.0
50886,100.0
50887,90.0
50888,45.0
50889,340.0
50890,65.0
50891,50.0
50892,45.0
50893,50.0
50894,50.0
50895,50.0
50896,50.0
50897,50.0
50898,70.0
50899,50.0
50900,70.0
50901,50.0
50902,70.0
50903,60.0
50904,60.0
50905,65.0
50906,30.0
50907,65.0
50908,50.0
50909,70.0
50910,220.0
50911,55.0
50912,50.0
50913,70.0
50914,260.0
50915,65.0
50916,45.0
50917,120.0
50918,80.0
50919,90.0
50920,60.0
50921,240.0
50922,295.0
50923,115.0
50924,420.0
50925,65.0
50926,315.0
50927,55.0
50928,85.0
50929,65.0
50930,55.0
50931,50.0
50932,75.0
50933,40.0
50934,100.0
50935,160.0
50936,50.0
50937,55.0
50938,50.0
50939,20.0
50940,60.0
50941,20.0
50942,80.0
50943,45.0
50944,100.0
50945,50.0
50946,55.0
50947,70.0
50948,55.0
50949,50.0
50950,70.0
50951,40.0
50952,50.0
50953,60.0
50954,45.0
50955,60.0
50956,40.0
50957,60.0
50958,140.0
50959,50.0
50960,365.0
50961,45.0
50962,90.0
50963,50.0
50964,145.0
50965,55.0
50966,45.0
50967,110.0
50968,65.0
50969,60.0
50970,180.0
50971,55.0
50972,60.0
50973,60.0
50974,110.0
50975,90.0
50976,50.0
50977,40.0
50978,60.0
50979,50.0
50980,40.0
50981,40.0
50982,95.0
50983,150.0
50984,100.0
50985,50.0
50986,50.0
50987,70.0
50988,50.0
50989,280.0
50990,45.0
50991,55.0
50992,60.0
50993,60.0
50994,35.0
50995,60.0
50996,50.0
50997,105.0
50998,60.0
50999,120.0
51000,45.0
51001,100.0
51002,55.0
51003,50.0
51004,50.0
51005,120.0
51006,55.0
51007,60.0
51008,85.0
51009,45.0
51010,60.0
51011,40.0
51012,60.0
51013,45.0
51014,100.0
51015,85.0
51016,90.0
51017,50.0
51018,55.0
51019,55.0
51020,50.0
51021,50.0
51022,305.0
51023,40.0
51024,120.0
51025,50.0
51026,100.0
51027,70.0
51028,50.0
51029,60.0
51030,110.0
51031,55.0
51032,95.0
51033,50.0
51034,180.0
51035,50.0
51036,45.0
51037,190.0
51038,40.0
51039,130.0
51040,150.0
51041,40.0
51042,95.0
51043,50.0
51044,50.0
51045,60.0
51046,45.0
51047,100.0
51048,85.0
51049,65.0
51050,60.0
51051,90.0
51052,240.0
51053,45.0
51054,50.0
51055,45.0
51056,50.0
51057,95.0
51058,110.0
51059,55.0
51060,80.0
51061,50.0
51062,410.0
51063,60.0
51064,110.0
51065,50.0
51066,100.0
51067,85.0
51068,50.0
51069,125.0
51070,50.0
51071,120.0
51072,115.0
51073,100.0
51074,50.0
51075,40.0
51076,60.0
51077,260.0
51078,55.0
51079,55.0
51080,55.0
51081,65.0
51082,100.0
51083,50.0
51084,50.0
51085,140.0
51086,35.0
51087,50.0
51088,95.0
51089,65.0
51090,75.0
51091,110.0
51092,420.0
51093,65.0
51094,50.0
51095,95.0
51096,110.0
51097,260.0
51098,50.0
51099,55.0
51100,45.0
51101,45.0
51102,50.0
51103,60.0
51104,60.0
51105,50.0
51106,50.0
51107,75.0
51108,50.0
51109,50.0
51110,50.0
51111,100.0
51112,50.0
51113,60.0
51114,60.0
51115,60.0
51116,75.0
51117,85.0
51118,40.0
51119,50.0
51120,65.0
51121,50.0
51122,40.0
51123,70.0
51124,40.0
51125,55.0
51126,60.0
51127,85.0
51128,90.0
51129,90.0
51130,55.0
51131,105.0
51132,75.0
51133,50.0
51134,105.0
51135,70.0
51136,105.0
51137,90.0
51138,110.0
51139,205.0
51140,65.0
51141,95.0
51142,50.0
51143,340.0
51144,65.0
51145,70.0
51146,50.0
51147,285.0
51148,40.0
51149,50.0
51150,90.0
51151,95.0
51152,55.0
51153,50.0
51154,50.0
51155,55.0
51156,50.0
51157,115.0
51158,115.0
51159,60.0
51160,90.0
51161,90.0
51162,60.0
51163,55.0
51164,50.0
51165,75.0
51166,50.0
51167,55.0
51168,70.0
51169,50.0
51170,125.0
51171,50.0
51172,80.0
51173,70.0
51174,100.0
51175,110.0
51176,50.0
51177,70.0
51178,110.0
51179,50.0
51180,45.0
51181,100.0
51182,50.0
51183,50.0
51184,40.0
51185,100.0
51186,40.0
51187,65.0
51188,110.0
51189,45.0
51190,50.0
51191,130.0
51192,95.0
51193,60.0
51194,50.0
51195,50.0
51196,60.0
51197,50.0
51198,135.0
51199,50.0
51200,270.0
51201,60.0
51202,55.0
51203,120.0
51204,85.0
51205,50.0
51206,105.0
51207,60.0
51208,50.0
51209,150.0
51210,100.0
51211,75.0
51212,50.0
51213,60.0
51214,55.0
51215,35.0
51216,50.0
51217,120.0
51218,415.0
51219,50.0
51220,70.0
51221,75.0
51222,60.0
51223,45.0
51224,70.0
51225,50.0
51226,55.0
51227,50.0
51228,50.0
51229,70.0
51230,60.0
51231,55.0
51232,105.0
51233,100.0
51234,120.0
51235,50.0
51236,60.0
51237,50.0
51238,115.0
51239,50.0
51240,50.0
51241,60.0
51242,50.0
51243,50.0
51244,60.0
51245,60.0
51246,50.0
51247,165.0
51248,60.0
51249,60.0
51250,50.0
51251,50.0
51252,50.0
51253,60.0
51254,80.0
51255,60.0
51256,55.0
51257,75.0
51258,50.0
51259,55.0
51260,50.0
51261,80.0
51262,205.0
51263,50.0
51264,40.0
51265,50.0
51266,405.0
51267,95.0
51268,45.0
51269,150.0
51270,45.0
51271,50.0
51272,90.0
51273,60.0
51274,85.0
51275,50.0
51276,130.0
51277,90.0
51278,40.0
51279,40.0
51280,40.0
51281,50.0
51282,150.0
51283,65.0
51284,95.0
51285,100.0
51286,25.0
51287,45.0
51288,95.0
51289,75.0
51290,110.0
51291,50.0
51292,45.0
51293,200.0
51294,95.0
51295,55.0
51296,60.0
51297,50.0
51298,75.0
51299,50.0
51300,55.0
51301,185.0
51302,70.0
51303,85.0
51304,60.0
51305,45.0
51306,50.0
51307,70.0
51308,105.0
51309,80.0
51310,60.0
51311,55.0
51312,40.0
51313,65.0
51314,95.0
51315,65.0
51316,55.0
51317,75.0
51318,80.0
51319,100.0
51320,55.0
51321,60.0
51322,55.0
51323,60.0
51324,100.0
51325,50.0
51326,75.0
51327,50.0
51328,60.0
51329,50.0
51330,55.0
51331,45.0
51332,120.0
51333,50.0
51334,510.0
51335,55.0
51336,50.0
51337,85.0
51338,50.0
51339,50.0
51340,60.0
51341,60.0
51342,120.0
51343,50.0
51344,50.0
51345,100.0
51346,50.0
51347,90.0
51348,135.0
51349,185.0
51350,105.0
51351,55.0
51352,60.0
51353,55.0
51354,35.0
51355,100.0
51356,75.0
51357,55.0
51358,50.0
51359,55.0
51360,135.0
51361,50.0
51362,50.0
51363,55.0
51364,55.0
51365,50.0
51366,110.0
51367,245.0
51368,100.0
51369,80.0
51370,50.0
51371,50.0
51372,55.0
51373,205.0
51374,50.0
51375,50.0
51376,300.0
51377,150.0
51378,60.0
51379,50.0
51380,50.0
51381,75.0
51382,45.0
51383,40.0
51384,40.0
51385,90.0
51386,80.0
51387,45.0
51388,90.0
51389,50.0
51390,390.0
51391,85.0
51392,50.0
51393,75.0
51394,40.0
51395,80.0
51396,30.0
51397,60.0
51398,95.0
51399,60.0
51400,105.0
51401,250.0
51402,50.0
51403,55.0
51404,90.0
51405,50.0
51406,160.0
51407,55.0
51408,60.0
51409,205.0
51410,100.0
51411,90.0
51412,45.0
51413,50.0
51414,105.0
51415,100.0
51416,55.0
51417,155.0
51418,50.0
51419,55.0
51420,50.0
51421,130.0
51422,60.0
51423,220.0
51424,60.0
51425,40.0
51426,50.0
51427,55.0
51428,40.0
51429,50.0
51430,80.0
51431,70.0
51432,50.0
51433,60.0
51434,60.0
51435,280.0
51436,50.0
51437,65.0
51438,45.0
51439,70.0
51440,50.0
51441,80.0
51442,130.0
51443,40.0
51444,50.0
51445,120.0
51446,175.0
51447,145.0
51448,50.0
51449,60.0
51450,120.0
51451,50.0
51452,95.0
51453,40.0
51454,75.0
51455,50.0
51456,50.0
51457,165.0
51458,50.0
51459,50.0
51460,50.0
51461,75.0
51462,50.0
51463,80.0
51464,50.0
51465,110.0
51466,210.0
51467,60.0
51468,40.0
51469,55.0
51470,120.0
51471,60.0
51472,45.0
51473,50.0
51474,70.0
51475,70.0
51476,100.0
51477,110.0
51478,30.0
51479,40.0
51480,70.0
51481,80.0
51482,50.0
51483,60.0
51484,75.0
51485,160.0
51486,40.0
51487,40.0
51488,65.0
51489,60.0
51490,65.0
51491,65.0
51492,155.0
51493,60.0
51494,105.0
51495,135.0
51496,100.0
51497,60.0
51498,85.0
51499,35.0
51500,70.0
51501,50.0
51502,175.0
51503,235.0
51504,45.0
51505,120.0
51506,45.0
51507,460.0
51508,100.0
51509,75.0
51510,90.0
51511,110.0
51512,50.0
51513,50.0
51514,50.0
51515,90.0
51516,90.0
51517,60.0
51518,50.0
51519,60.0
51520,65.0
51521,55.0
51522,60.0
51523,50.0
51524,45.0
51525,55.0
51526,50.0
51527,80.0
51528,70.0
51529,95.0
51530,60.0
51531,60.0
51532,65.0
51533,280.0
51534,80.0
51535,60.0
51536,50.0
51537,50.0
51538,50.0
51539,45.0
51540,80.0
51541,50.0
51542,95.0
51543,80.0
51544,200.0
51545,40.0
51546,105.0
51547,90.0
51548,55.0
51549,50.0
51550,85.0
51551,45.0
51552,285.0
51553,120.0
51554,395.0
51555,35.0
51556,290.0
51557,120.0
51558,65.0
51559,40.0
51560,65.0
51561,45.0
51562,80.0
51563,70.0
51564,50.0
51565,115.0
51566,105.0
51567,130.0
51568,50.0
51569,45.0
51570,70.0
51571,55.0
51572,45.0
51573,60.0
51574,75.0
51575,320.0
51576,50.0
51577,65.0
51578,420.0
51579,240.0
51580,40.0
51581,45.0
51582,45.0
51583,60.0
51584,80.0
51585,50.0
51586,30.0
51587,55.0
51588,50.0
51589,155.0
51590,50.0
51591,205.0
51592,50.0
51593,75.0
51594,40.0
51595,40.0
51596,45.0
51597,35.0
51598,110.0
51599,70.0
51600,40.0
51601,50.0
51602,60.0
51603,50.0
51604,70.0
51605,110.0
51606,65.0
51607,180.0
51608,50.0
51609,45.0
51610,50.0
51611,360.0
51612,50.0
51613,120.0
51614,120.0
51615,50.0
51616,55.0
51617,95.0
51618,115.0
51619,50.0
51620,100.0
51621,45.0
51622,60.0
51623,55.0
51624,55.0
51625,70.0
51626,60.0
51627,50.0
51628,55.0
51629,65.0
51630,45.0
51631,50.0
51632,90.0
51633,30.0
51634,250.0
51635,60.0
51636,70.0
51637,50.0
51638,155.0
51639,50.0
51640,60.0
51641,45.0
51642,40.0
51643,80.0
51644,50.0
51645,45.0
51646,50.0
51647,45.0
51648,50.0
51649,50.0
51650,45.0
51651,40.0
51652,35.0
51653,60.0
51654,65.0
51655,85.0
51656,100.0
51657,40.0
51658,50.0
51659,50.0
51660,100.0
51661,55.0
51662,60.0
51663,50.0
51664,45.0
51665,100.0
51666,45.0
51667,225.0
51668,80.0
51669,70.0
51670,45.0
51671,50.0
51672,50.0
51673,180.0
51674,235.0
51675,60.0
51676,75.0
51677,70.0
51678,60.0
51679,70.0
51680,55.0
51681,45.0
51682,60.0
51683,115.0
51684,50.0
51685,45.0
51686,105.0
51687,55.0
51688,65.0
51689,50.0
51690,280.0
51691,110.0
51692,45.0
51693,45.0
51694,55.0
51695,105.0
51696,25.0
51697,55.0
51698,50.0
51699,65.0
51700,60.0
51701,780.0
51702,50.0
51703,50.0
51704,50.0
51705,50.0
51706,200.0
51707,50.0
51708,50.0
51709,50.0
51710,105.0
51711,140.0
51712,100.0
51713,70.0
51714,50.0
51715,160.0
51716,165.0
51717,190.0
51718,50.0
51719,40.0
51720,430.0
51721,185.0
51722,90.0
51723,90.0
51724,50.0
51725,120.0
51726,85.0
51727,50.0
51728,45.0
51729,335.0
51730,65.0
51731,60.0
51732,195.0
51733,30.0
51734,70.0
51735,50.0
51736,55.0
51737,70.0
51738,120.0
51739,380.0
51740,50.0
51741,50.0
51742,100.0
51743,80.0
51744,40.0
51745,50.0
51746,50.0
51747,50.0
51748,60.0
51749,75.0
51750,45.0
51751,145.0
51752,100.0
51753,105.0
51754,50.0
51755,100.0
51756,60.0
51757,230.0
51758,55.0
51759,135.0
51760,70.0
51761,100.0
51762,105.0
51763,80.0
51764,110.0
51765,50.0
51766,50.0
51767,50.0
51768,60.0
51769,60.0
51770,65.0
51771,55.0
51772,70.0
51773,235.0
51774,65.0
51775,50.0
51776,55.0
51777,60.0
51778,75.0
51779,60.0
51780,50.0
51781,45.0
51782,60.0
51783,70.0
51784,55.0
51785,100.0
51786,90.0
51787,50.0
51788,60.0
51789,75.0
51790,85.0
51791,30.0
51792,45.0
51793,300.0
51794,55.0
51795,90.0
51796,60.0
51797,55.0
51798,45.0
51799,90.0
51800,60.0
51801,345.0
51802,45.0
51803,50.0
51804,60.0
51805,75.0
51806,50.0
51807,50.0
51808,80.0
51809,50.0
51810,70.0
51811,85.0
51812,85.0
51813,180.0
51814,365.0
51815,70.0
51816,50.0
51817,65.0
51818,55.0
51819,100.0
51820,50.0
51821,50.0
51822,45.0
51823,45.0
51824,40.0
51825,75.0
51826,160.0
51827,50.0
51828,50.0
51829,50.0
51830,85.0
51831,55.0
51832,60.0
51833,45.0
51834,75.0
51835,50.0
51836,45.0
51837,60.0
51838,55.0
51839,55.0
51840,65.0
51841,65.0
51842,85.0
51843,70.0
51844,95.0
51845,110.0
51846,65.0
51847,65.0
51848,55.0
51849,50.0
51850,140.0
51851,60.0
51852,75.0
51853,85.0
51854,65.0
51855,150.0
51856,70.0
51857,100.0
51858,100.0
51859,70.0
51860,50.0
51861,80.0
51862,235.0
51863,270.0
51864,60.0
51865,60.0
51866,55.0
51867,45.0
51868,60.0
51869,50.0
51870,55.0
51871,80.0
51872,55.0
51873,55.0
51874,60.0
51875,55.0
51876,70.0
51877,55.0
51878,50.0
51879,60.0
51880,75.0
51881,60.0
51882,75.0
51883,65.0
51884,85.0
51885,65.0
51886,50.0
51887,120.0
51888,70.0
51889,50.0
51890,50.0
51891,50.0
51892,50.0
51893,240.0
51894,70.0
51895,50.0
51896,60.0
51897,70.0
51898,50.0
51899,320.0
51900,50.0
51901,55.0
51902,50.0
51903,55.0
51904,40.0
51905,70.0
51906,190.0
51907,90.0
51908,65.0
51909,60.0
51910,50.0
51911,105.0
51912,50.0
51913,275.0
51914,50.0
51915,55.0
51916,75.0
51917,85.0
51918,55.0
51919,55.0
51920,45.0
51921,90.0
51922,55.0
51923,120.0
51924,50.0
51925,125.0
51926,295.0
51927,75.0
51928,55.0
51929,90.0
51930,55.0
51931,100.0
51932,105.0
51933,50.0
51934,175.0
51935,45.0
51936,60.0
51937,55.0
51938,120.0
51939,50.0
51940,130.0
51941,90.0
51942,210.0
51943,50.0
51944,60.0
51945,225.0
51946,80.0
51947,90.0
51948,110.0
51949,40.0
51950,90.0
51951,60.0
51952,65.0
51953,60.0
51954,50.0
51955,50.0
51956,120.0
51957,70.0
51958,50.0
51959,55.0
51960,60.0
51961,55.0
51962,55.0
51963,60.0
51964,55.0
51965,45.0
51966,130.0
51967,50.0
51968,50.0
51969,55.0
51970,50.0
51971,60.0
51972,55.0
51973,95.0
51974,85.0
51975,50.0
51976,80.0
51977,425.0
51978,50.0
51979,50.0
51980,85.0
51981,40.0
51982,60.0
51983,70.0
51984,260.0
51985,70.0
51986,280.0
51987,110.0
51988,105.0
51989,125.0
51990,60.0
51991,50.0
51992,50.0
51993,50.0
51994,195.0
51995,20.0
51996,55.0
51997,45.0
51998,60.0
51999,50.0
52000,70.0
52001,50.0
52002,55.0
52003,50.0
52004,70.0
52005,45.0
52006,135.0
52007,50.0
52008,60.0
52009,110.0
52010,215.0
52011,50.0
52012,35.0
52013,55.0
52014,50.0
52015,160.0
52016,85.0
52017,120.0
52018,65.0
52019,80.0
52020,95.0
52021,50.0
52022,95.0
52023,60.0
52024,130.0
52025,65.0
52026,315.0
52027,60.0
52028,90.0
52029,120.0
52030,45.0
52031,55.0
52032,50.0
52033,55.0
52034,45.0
52035,65.0
52036,55.0
52037,40.0
52038,70.0
52039,55.0
52040,110.0
52041,60.0
52042,55.0
52043,100.0
52044,165.0
52045,80.0
52046,50.0
52047,110.0
52048,90.0
52049,50.0
52050,60.0
52051,210.0
52052,55.0
52053,500.0
52054,60.0
52055,60.0
52056,50.0
52057,60.0
52058,115.0
52059,105.0
52060,55.0
52061,85.0
52062,40.0
52063,470.0
52064,110.0
52065,45.0
52066,95.0
52067,80.0
52068,180.0
52069,40.0
52070,50.0
52071,360.0
52072,140.0
52073,20.0
52074,45.0
52075,85.0
52076,60.0
52077,30.0
52078,45.0
52079,60.0
52080,90.0
52081,55.0
52082,140.0
52083,60.0
52084,50.0
52085,55.0
52086,95.0
52087,90.0
52088,90.0
52089,40.0
52090,55.0
52091,170.0
52092,85.0
52093,45.0
52094,55.0
52095,50.0
52096,50.0
52097,65.0
52098,50.0
52099,50.0
52100,55.0
52101,40.0
52102,40.0
52103,85.0
52104,50.0
52105,50.0
52106,80.0
52107,75.0
52108,55.0
52109,100.0
52110,50.0
52111,150.0
52112,50.0
52113,75.0
52114,90.0
52115,70.0
52116,65.0
52117,55.0
52118,75.0
52119,50.0
52120,105.0
52121,320.0
52122,90.0
52123,50.0
52124,45.0
52125,260.0
52126,55.0
52127,50.0
52128,50.0
52129,90.0
52130,70.0
52131,100.0
52132,500.0
52133,50.0
52134,115.0
52135,75.0
52136,50.0
52137,50.0
52138,100.0
52139,70.0
52140,75.0
52141,110.0
52142,150.0
52143,105.0
52144,165.0
52145,95.0
52146,50.0
52147,260.0
52148,65.0
52149,85.0
52150,135.0
52151,50.0
52152,115.0
52153,60.0
52154,85.0
52155,250.0
52156,50.0
52157,90.0
52158,80.0
52159,45.0
52160,45.0
52161,60.0
52162,50.0
52163,60.0
52164,30.0
52165,65.0
52166,60.0
52167,50.0
52168,80.0
52169,45.0
52170,45.0
52171,110.0
52172,60.0
52173,120.0
52174,60.0
52175,40.0
52176,55.0
52177,45.0
52178,55.0
52179,250.0
52180,55.0
52181,50.0
52182,60.0
52183,50.0
52184,50.0
52185,40.0
52186,45.0
52187,60.0
52188,80.0
52189,60.0
52190,70.0
52191,60.0
52192,125.0
52193,50.0
52194,45.0
52195,50.0
52196,55.0
52197,60.0
52198,105.0
52199,40.0
52200,50.0
52201,40.0
52202,100.0
52203,70.0
52204,45.0
52205,55.0
52206,140.0
52207,90.0
52208,100.0
52209,60.0
52210,75.0
52211,55.0
52212,50.0
52213,85.0
52214,45.0
52215,60.0
52216,50.0
52217,80.0
52218,50.0
52219,75.0
52220,50.0
52221,45.0
52222,100.0
52223,100.0
52224,180.0
52225,45.0
52226,110.0
52227,50.0
52228,50.0
52229,60.0
52230,50.0
52231,80.0
52232,50.0
52233,50.0
52234,55.0
52235,65.0
52236,100.0
52237,60.0
52238,60.0
52239,45.0
52240,50.0
52241,50.0
52242,50.0
52243,45.0
52244,50.0
52245,140.0
52246,55.0
52247,80.0
52248,100.0
52249,40.0
52250,150.0
52251,50.0
52252,60.0
52253,110.0
52254,50.0
52255,55.0
52256,395.0
52257,60.0
52258,60.0
52259,45.0
52260,55.0
52261,50.0
52262,40.0
52263,205.0
52264,70.0
52265,55.0
52266,45.0
52267,60.0
52268,50.0
52269,120.0
52270,60.0
52271,50.0
52272,70.0
52273,255.0
52274,50.0
52275,100.0
52276,90.0
52277,60.0
52278,55.0
52279,50.0
52280,45.0
52281,50.0
52282,65.0
52283,60.0
52284,70.0
52285,140.0
52286,105.0
52287,50.0
52288,85.0
52289,70.0
52290,50.0
52291,40.0
52292,80.0
52293,110.0
52294,80.0
52295,45.0
52296,60.0
52297,50.0
52298,100.0
52299,55.0
52300,105.0
52301,290.0
52302,50.0
52303,65.0
52304,300.0
52305,115.0
52306,55.0
52307,320.0
52308,45.0
52309,55.0
52310,50.0
52311,95.0
52312,45.0
52313,85.0
52314,50.0
52315,55.0
52316,60.0
52317,90.0
52318,50.0
52319,40.0
52320,60.0
52321,50.0
52322,100.0
52323,60.0
52324,50.0
52325,265.0
52326,45.0
52327,45.0
52328,60.0
52329,80.0
52330,55.0
52331,365.0
52332,50.0
52333,55.0
52334,70.0
52335,100.0
52336,55.0
52337,45.0
52338,50.0
52339,230.0
52340,60.0
52341,110.0
52342,95.0
52343,50.0
52344,90.0
52345,55.0
52346,100.0
52347,190.0
52348,150.0
52349,80.0
52350,135.0
52351,50.0
52352,60.0
52353,50.0
52354,70.0
52355,75.0
52356,40.0
52357,70.0
52358,100.0
52359,50.0
52360,75.0
52361,50.0
52362,80.0
52363,70.0
52364,225.0
52365,60.0
52366,55.0
52367,50.0
52368,120.0
52369,60.0
52370,130.0
52371,50.0
52372,50.0
52373,60.0
52374,50.0
52375,70.0
52376,50.0
52377,85.0
52378,70.0
52379,70.0
52380,45.0
52381,55.0
52382,60.0
52383,90.0
52384,70.0
52385,120.0
52386,145.0
52387,90.0
52388,160.0
52389,55.0
52390,170.0
52391,70.0
52392,120.0
52393,100.0
52394,250.0
52395,85.0
52396,50.0
52397,50.0
52398,40.0
52399,55.0
52400,40.0
52401,75.0
52402,40.0
52403,50.0
52404,95.0
52405,90.0
52406,100.0
52407,75.0
52408,50.0
52409,60.0
52410,45.0
52411,35.0
52412,90.0
52413,70.0
52414,60.0
52415,80.0
52416,110.0
52417,115.0
52418,70.0
52419,90.0
52420,75.0
52421,50.0
52422,60.0
52423,285.0
52424,55.0
52425,85.0
52426,95.0
52427,100.0
52428,50.0
52429,45.0
52430,50.0
52431,50.0
52432,135.0
52433,50.0
52434,75.0
52435,110.0
52436,145.0
52437,50.0
52438,50.0
52439,50.0
52440,175.0
52441,40.0
52442,70.0
52443,75.0
52444,60.0
52445,60.0
52446,55.0
52447,110.0
52448,50.0
52449,90.0
52450,45.0
52451,50.0
52452,140.0
52453,60.0
52454,295.0
52455,70.0
52456,55.0
52457,55.0
52458,50.0
52459,55.0
52460,55.0
52461,60.0
52462,100.0
52463,50.0
52464,55.0
52465,80.0
52466,90.0
52467,50.0
52468,50.0
52469,85.0
52470,60.0
52471,50.0
52472,50.0
52473,390.0
52474,70.0
52475,55.0
52476,50.0
52477,50.0
52478,45.0
52479,50.0
52480,105.0
52481,55.0
52482,50.0
52483,55.0
52484,50.0
52485,45.0
52486,50.0
52487,60.0
52488,50.0
52489,90.0
52490,70.0
52491,40.0
52492,120.0
52493,85.0
52494,45.0
52495,50.0
52496,50.0
52497,60.0
52498,50.0
52499,50.0
52500,100.0
52501,50.0
52502,55.0
52503,60.0
52504,90.0
52505,85.0
52506,55.0
52507,80.0
52508,265.0
52509,50.0
52510,50.0
52511,50.0
52512,190.0
52513,50.0
52514,40.0
52515,90.0
52516,100.0
52517,90.0
52518,115.0
52519,40.0
52520,50.0
52521,55.0
52522,55.0
52523,45.0
52524,280.0
52525,90.0
52526,70.0
52527,265.0
52528,120.0
52529,180.0
52530,105.0
52531,50.0
52532,50.0
52533,45.0
52534,50.0
52535,50.0
52536,70.0
52537,50.0
52538,90.0
52539,50.0
52540,100.0
52541,50.0
52542,50.0
52543,50.0
52544,50.0
52545,55.0
52546,50.0
52547,50.0
52548,35.0
52549,80.0
52550,60.0
52551,45.0
52552,80.0
52553,100.0
52554,50.0
52555,65.0
52556,55.0
52557,110.0
52558,90.0
52559,70.0
52560,55.0
52561,50.0
52562,50.0
52563,60.0
52564,50.0
52565,60.0
52566,280.0
52567,70.0
52568,220.0
52569,50.0
52570,115.0
52571,40.0
52572,90.0
52573,225.0
52574,50.0
52575,50.0
52576,55.0
52577,95.0
52578,50.0
52579,65.0
52580,230.0
52581,65.0
52582,30.0
52583,55.0
52584,55.0
52585,50.0
52586,50.0
52587,75.0
52588,50.0
52589,60.0
52590,115.0
52591,260.0
52592,55.0
52593,70.0
52594,105.0
52595,60.0
52596,55.0
52597,50.0
52598,60.0
52599,90.0
52600,90.0
52601,55.0
52602,100.0
52603,50.0
52604,55.0
52605,85.0
52606,75.0
52607,60.0
52608,60.0
52609,90.0
52610,90.0
52611,45.0
52612,95.0
52613,50.0
52614,75.0
52615,60.0
52616,50.0
52617,600.0
52618,315.0
52619,230.0
52620,220.0
52621,450.0
52622,45.0
52623,50.0
52624,300.0
52625,30.0
52626,75.0
52627,50.0
52628,80.0
52629,55.0
52630,130.0
52631,80.0
52632,50.0
52633,50.0
52634,80.0
52635,180.0
52636,80.0
52637,130.0
52638,75.0
52639,50.0
52640,60.0
52641,55.0
52642,55.0
52643,505.0
52644,90.0
52645,55.0
52646,60.0
52647,95.0
52648,120.0
52649,55.0
52650,90.0
52651,60.0
52652,55.0
52653,50.0
52654,55.0
52655,100.0
52656,60.0
52657,70.0
52658,40.0
52659,50.0
52660,130.0
52661,70.0
52662,230.0
52663,95.0
52664,50.0
52665,55.0
52666,60.0
52667,75.0
52668,235.0
52669,80.0
52670,35.0
52671,70.0
52672,60.0
52673,55.0
52674,50.0
52675,65.0
52676,50.0
52677,155.0
52678,140.0
52679,120.0
52680,35.0
52681,60.0
52682,50.0
52683,90.0
52684,60.0
52685,80.0
52686,45.0
52687,205.0
52688,50.0
52689,50.0
52690,95.0
52691,100.0
52692,60.0
52693,60.0
52694,60.0
52695,95.0
52696,50.0
52697,50.0
52698,50.0
52699,20.0
52700,55.0
52701,50.0
52702,50.0
52703,50.0
52704,80.0
52705,145.0
52706,70.0
52707,510.0
52708,55.0
52709,30.0
52710,45.0
52711,130.0
52712,45.0
52713,65.0
52714,55.0
52715,65.0
52716,250.0
52717,50.0
52718,60.0
52719,310.0
52720,50.0
52721,45.0
52722,105.0
52723,40.0
52724,115.0
52725,45.0
52726,50.0
52727,80.0
52728,70.0
52729,45.0
52730,50.0
52731,80.0
52732,40.0
52733,70.0
52734,55.0
52735,405.0
52736,100.0
52737,90.0
52738,60.0
52739,55.0
52740,55.0
52741,50.0
52742,50.0
52743,75.0
52744,55.0
52745,50.0
52746,75.0
52747,80.0
52748,45.0
52749,70.0
52750,45.0
52751,100.0
52752,80.0
52753,35.0
52754,55.0
52755,50.0
52756,70.0
52757,70.0
52758,120.0
52759,140.0
52760,60.0
52761,45.0
52762,55.0
52763,55.0
52764,225.0
52765,80.0
52766,110.0
52767,35.0
52768,50.0
52769,145.0
52770,90.0
52771,50.0
52772,45.0
52773,60.0
52774,45.0
52775,50.0
52776,80.0
52777,140.0
52778,50.0
52779,55.0
52780,60.0
52781,55.0
52782,100.0
52783,65.0
52784,55.0
52785,355.0
52786,50.0
52787,50.0
52788,100.0
52789,55.0
52790,90.0
52791,45.0
52792,40.0
52793,75.0
52794,140.0
52795,45.0
52796,80.0
52797,50.0
52798,185.0
52799,90.0
52800,50.0
52801,110.0
52802,325.0
52803,40.0
52804,115.0
52805,90.0
52806,110.0
52807,80.0
52808,60.0
52809,110.0
52810,60.0
52811,50.0
52812,90.0
52813,50.0
52814,150.0
52815,80.0
52816,315.0
52817,90.0
52818,50.0
52819,300.0
52820,50.0
52821,120.0
52822,70.0
52823,30.0
52824,55.0
52825,50.0
52826,40.0
52827,50.0
52828,50.0
52829,60.0
52830,45.0
52831,60.0
52832,110.0
52833,190.0
52834,95.0
52835,50.0
52836,40.0
52837,60.0
52838,50.0
52839,60.0
52840,50.0
52841,105.0
52842,60.0
52843,55.0
52844,70.0
52845,90.0
52846,50.0
52847,50.0
52848,45.0
52849,50.0
52850,95.0
52851,50.0
52852,55.0
52853,60.0
52854,50.0
52855,45.0
52856,85.0
52857,195.0
52858,115.0
52859,210.0
52860,50.0
52861,45.0
52862,40.0
52863,50.0
52864,50.0
52865,230.0
52866,80.0
52867,60.0
52868,50.0
52869,50.0
52870,85.0
52871,120.0
52872,240.0
52873,110.0
52874,60.0
52875,45.0
52876,245.0
52877,55.0
52878,55.0
52879,60.0
52880,45.0
52881,50.0
52882,90.0
52883,65.0
52884,50.0
52885,60.0
52886,80.0
52887,50.0
52888,80.0
52889,60.0
52890,90.0
52891,55.0
52892,50.0
52893,85.0
52894,50.0
52895,45.0
52896,50.0
52897,45.0
52898,60.0
52899,50.0
52900,55.0
52901,65.0
52902,110.0
52903,50.0
52904,40.0
52905,50.0
52906,70.0
52907,60.0
52908,45.0
52909,300.0
52910,40.0
52911,40.0
52912,105.0
52913,55.0
52914,210.0
52915,50.0
52916,65.0
52917,320.0
52918,70.0
52919,105.0
52920,145.0
52921,50.0
52922,130.0
52923,55.0
52924,55.0
52925,90.0
52926,55.0
52927,50.0
52928,160.0
52929,65.0
52930,50.0
52931,55.0
52932,75.0
52933,50.0
52934,60.0
52935,165.0
52936,55.0
52937,110.0
52938,50.0
52939,60.0
52940,50.0
52941,130.0
52942,75.0
52943,70.0
52944,45.0
52945,50.0
52946,60.0
52947,50.0
52948,45.0
52949,75.0
52950,50.0
52951,55.0
52952,20.0
52953,50.0
52954,110.0
52955,20.0
52956,50.0
52957,80.0
52958,60.0
52959,110.0
52960,45.0
52961,75.0
52962,60.0
52963,45.0
52964,65.0
52965,60.0
52966,355.0
52967,60.0
52968,390.0
52969,50.0
52970,60.0
52971,50.0
52972,80.0
52973,300.0
52974,165.0
52975,200.0
52976,50.0
52977,60.0
52978,200.0
52979,50.0
52980,45.0
52981,50.0
52982,210.0
52983,80.0
52984,55.0
52985,60.0
52986,50.0
52987,115.0
52988,265.0
52989,60.0
52990,40.0
52991,55.0
52992,50.0
52993,210.0
52994,50.0
52995,45.0
52996,60.0
52997,50.0
52998,100.0
52999,55.0
53000,45.0
53001,90.0
53002,90.0
53003,140.0
53004,130.0
53005,50.0
53006,60.0
53007,50.0
53008,50.0
53009,50.0
53010,55.0
53011,90.0
53012,50.0
53013,115.0
53014,235.0
53015,50.0
53016,245.0
53017,55.0
53018,35.0
53019,210.0
53020,120.0
53021,85.0
53022,175.0
53023,90.0
53024,45.0
53025,85.0
53026,45.0
53027,70.0
53028,120.0
53029,55.0
53030,45.0
53031,100.0
53032,45.0
53033,55.0
53034,270.0
53035,70.0
53036,40.0
53037,70.0
53038,55.0
53039,70.0
53040,55.0
53041,210.0
53042,110.0
53043,105.0
53044,55.0
53045,340.0
53046,45.0
53047,150.0
53048,50.0
53049,50.0
53050,65.0
53051,50.0
53052,110.0
53053,55.0
53054,70.0
53055,55.0
53056,70.0
53057,70.0
53058,425.0
53059,55.0
53060,280.0
53061,55.0
53062,130.0
53063,60.0
53064,100.0
53065,45.0
53066,320.0
53067,325.0
53068,55.0
53069,50.0
53070,60.0
53071,70.0
53072,140.0
53073,50.0
53074,55.0
53075,50.0
53076,105.0
53077,50.0
53078,55.0
53079,115.0
53080,70.0
53081,55.0
53082,110.0
53083,50.0
53084,60.0
53085,220.0
53086,50.0
53087,70.0
53088,70.0
53089,55.0
53090,50.0
53091,45.0
53092,60.0
53093,110.0
53094,60.0
53095,55.0
53096,90.0
53097,85.0
53098,150.0
53099,160.0
53100,65.0
53101,60.0
53102,45.0
53103,320.0
53104,45.0
53105,55.0
53106,50.0
53107,55.0
53108,50.0
53109,65.0
53110,300.0
53111,180.0
53112,240.0
53113,70.0
53114,720.0
53115,60.0
53116,55.0
53117,55.0
53118,50.0
53119,75.0
53120,95.0
53121,70.0
53122,65.0
53123,180.0
53124,50.0
53125,85.0
53126,50.0
53127,70.0
53128,75.0
53129,50.0
53130,50.0
53131,50.0
53132,50.0
53133,60.0
53134,50.0
53135,80.0
53136,50.0
53137,50.0
53138,50.0
53139,55.0
53140,75.0
53141,70.0
53142,120.0
53143,20.0
53144,60.0
53145,215.0
53146,60.0
53147,125.0
53148,90.0
53149,120.0
53150,45.0
53151,100.0
53152,50.0
53153,55.0
53154,65.0
53155,120.0
53156,50.0
53157,50.0
53158,50.0
53159,40.0
53160,380.0
53161,405.0
53162,45.0
53163,90.0
53164,65.0
53165,55.0
53166,50.0
53167,60.0
53168,260.0
53169,80.0
53170,50.0
53171,55.0
53172,95.0
53173,60.0
53174,65.0
53175,255.0
53176,60.0
53177,70.0
53178,60.0
53179,80.0
53180,65.0
53181,50.0
53182,60.0
53183,40.0
53184,55.0
53185,55.0
53186,70.0
53187,50.0
53188,90.0
53189,30.0
53190,40.0
53191,50.0
53192,50.0
53193,290.0
53194,120.0
53195,50.0
53196,105.0
53197,45.0
53198,60.0
53199,75.0
53200,60.0
53201,140.0
53202,105.0
53203,50.0
53204,65.0
53205,55.0
53206,45.0
53207,100.0
53208,45.0
53209,50.0
53210,80.0
53211,100.0
53212,85.0
53213,50.0
53214,70.0
53215,55.0
53216,50.0
53217,60.0
53218,35.0
53219,115.0
53220,60.0
53221,55.0
53222,70.0
53223,85.0
53224,70.0
53225,320.0
53226,65.0
53227,60.0
53228,70.0
53229,45.0
53230,45.0
53231,120.0
53232,75.0
53233,130.0
53234,45.0
53235,60.0
53236,250.0
53237,50.0
53238,55.0
53239,55.0
53240,70.0
53241,70.0
53242,70.0
53243,115.0
53244,60.0
53245,55.0
53246,60.0
53247,55.0
53248,20.0
53249,50.0
53250,80.0
53251,55.0
53252,285.0
53253,60.0
53254,55.0
53255,55.0
53256,165.0
53257,100.0
53258,55.0
53259,70.0
53260,80.0
53261,220.0
53262,110.0
53263,135.0
53264,80.0
53265,120.0
53266,105.0
53267,45.0
53268,110.0
53269,60.0
53270,150.0
53271,60.0
53272,65.0
53273,50.0
53274,350.0
53275,70.0
53276,65.0
53277,50.0
53278,100.0
53279,340.0
53280,50.0
53281,50.0
53282,55.0
53283,50.0
53284,55.0
53285,45.0
53286,60.0
53287,50.0
53288,50.0
53289,55.0
53290,35.0
53291,80.0
53292,45.0
53293,95.0
53294,30.0
53295,40.0
53296,50.0
53297,45.0
53298,70.0
53299,55.0
53300,65.0
53301,50.0
53302,60.0
53303,60.0
53304,85.0
53305,75.0
53306,50.0
53307,50.0
53308,100.0
53309,65.0
53310,105.0
53311,50.0
53312,45.0
53313,55.0
53314,45.0
53315,50.0
53316,50.0
53317,305.0
53318,120.0
53319,50.0
53320,60.0
53321,65.0
53322,95.0
53323,60.0
53324,75.0
53325,105.0
53326,85.0
53327,200.0
53328,55.0
53329,90.0
53330,100.0
53331,70.0
53332,50.0
53333,50.0
53334,50.0
53335,70.0
53336,60.0
53337,60.0
53338,60.0
53339,290.0
53340,75.0
53341,325.0
53342,110.0
53343,100.0
53344,60.0
53345,50.0
53346,100.0
53347,370.0
53348,70.0
53349,60.0
53350,75.0
53351,105.0
53352,45.0
53353,110.0
53354,55.0
53355,50.0
53356,45.0
53357,60.0
53358,50.0
53359,425.0
53360,70.0
53361,50.0
53362,240.0
53363,45.0
53364,90.0
53365,45.0
53366,55.0
53367,35.0
53368,50.0
53369,20.0
53370,225.0
53371,100.0
53372,60.0
53373,105.0
53374,60.0
53375,55.0
53376,60.0
53377,70.0
53378,65.0
53379,80.0
53380,70.0
53381,70.0
53382,60.0
53383,60.0
53384,55.0
53385,380.0
53386,90.0
53387,60.0
53388,65.0
53389,95.0
53390,40.0
53391,95.0
53392,50.0
53393,50.0
53394,50.0
53395,50.0
53396,60.0
53397,55.0
53398,20.0
53399,60.0
53400,45.0
53401,90.0
53402,55.0
53403,55.0
53404,105.0
53405,220.0
53406,90.0
53407,50.0
53408,60.0
53409,45.0
53410,35.0
53411,60.0
53412,45.0
53413,50.0
53414,70.0
53415,50.0
53416,130.0
53417,65.0
53418,70.0
53419,55.0
53420,70.0
53421,50.0
53422,240.0
53423,150.0
53424,80.0
53425,55.0
53426,55.0
53427,85.0
53428,110.0
53429,50.0
53430,80.0
53431,60.0
53432,50.0
53433,185.0
53434,200.0
53435,50.0
53436,55.0
53437,30.0
53438,50.0
53439,50.0
53440,55.0
53441,75.0
53442,60.0
53443,35.0
53444,55.0
53445,40.0
53446,50.0
53447,45.0
53448,60.0
53449,105.0
53450,60.0
53451,60.0
53452,130.0
53453,55.0
53454,70.0
53455,60.0
53456,65.0
53457,60.0
53458,240.0
53459,65.0
53460,55.0
53461,120.0
53462,90.0
53463,50.0
53464,100.0
53465,50.0
53466,90.0
53467,35.0
53468,185.0
53469,80.0
53470,240.0
53471,390.0
53472,50.0
53473,50.0
53474,40.0
53475,65.0
53476,55.0
53477,210.0
53478,70.0
53479,60.0
53480,110.0
53481,110.0
53482,70.0
53483,50.0
53484,85.0
53485,270.0
53486,100.0
53487,50.0
53488,70.0
53489,240.0
53490,55.0
53491,70.0
53492,50.0
53493,85.0
53494,60.0
53495,130.0
53496,115.0
53497,80.0
53498,45.0
53499,30.0
53500,50.0
53501,65.0
53502,50.0
53503,60.0
53504,600.0
53505,95.0
53506,65.0
53507,115.0
53508,55.0
53509,45.0
53510,50.0
53511,45.0
53512,75.0
53513,50.0
53514,75.0
53515,50.0
53516,85.0
53517,200.0
53518,50.0
53519,55.0
53520,55.0
53521,45.0
53522,65.0
53523,55.0
53524,55.0
53525,40.0
53526,50.0
53527,140.0
53528,85.0
53529,55.0
53530,35.0
53531,50.0
53532,65.0
53533,60.0
53534,50.0
53535,90.0
53536,130.0
53537,45.0
53538,285.0
53539,105.0
53540,50.0
53541,120.0
53542,55.0
53543,45.0
53544,50.0
53545,80.0
53546,50.0
53547,60.0
53548,140.0
53549,80.0
53550,50.0
53551,150.0
53552,65.0
53553,45.0
53554,55.0
53555,60.0
53556,60.0
53557,55.0
53558,40.0
53559,50.0
53560,240.0
53561,65.0
53562,100.0
53563,50.0
53564,50.0
53565,90.0
53566,60.0
53567,60.0
53568,70.0
53569,100.0
53570,90.0
53571,60.0
53572,55.0
53573,60.0
53574,45.0
53575,40.0
53576,80.0
53577,90.0
53578,65.0
53579,70.0
53580,100.0
53581,60.0
53582,80.0
53583,50.0
53584,75.0
53585,150.0
53586,45.0
53587,50.0
53588,50.0
53589,60.0
53590,55.0
53591,225.0
53592,95.0
53593,620.0
53594,70.0
53595,55.0
53596,100.0
53597,255.0
53598,50.0
53599,50.0
53600,60.0
53601,45.0
53602,50.0
53603,60.0
53604,80.0
53605,50.0
53606,100.0
53607,425.0
53608,200.0
53609,315.0
53610,65.0
53611,110.0
53612,60.0
53613,60.0
53614,50.0
53615,55.0
53616,40.0
53617,65.0
53618,90.0
53619,90.0
53620,30.0
53621,50.0
53622,395.0
53623,40.0
53624,60.0
53625,60.0
53626,315.0
53627,65.0
53628,85.0
53629,55.0
53630,55.0
53631,35.0
53632,190.0
53633,60.0
53634,50.0
53635,55.0
53636,50.0
53637,40.0
53638,65.0
53639,55.0
53640,60.0
53641,55.0
53642,100.0
53643,55.0
53644,40.0
53645,50.0
53646,90.0
53647,85.0
53648,55.0
53649,50.0
53650,80.0
53651,65.0
53652,70.0
53653,40.0
53654,110.0
53655,50.0
53656,55.0
53657,60.0
53658,85.0
53659,55.0
53660,60.0
53661,610.0
53662,85.0
53663,130.0
53664,55.0
53665,440.0
53666,70.0
53667,50.0
53668,50.0
53669,110.0
53670,60.0
53671,150.0
53672,50.0
53673,40.0
53674,50.0
53675,105.0
53676,40.0
53677,50.0
53678,50.0
53679,65.0
53680,300.0
53681,55.0
53682,65.0
53683,55.0
53684,60.0
53685,120.0
53686,40.0
53687,50.0
53688,60.0
53689,120.0
53690,65.0
53691,55.0
53692,85.0
53693,50.0
53694,40.0
53695,60.0
53696,185.0
53697,505.0
53698,95.0
53699,60.0
53700,400.0
53701,85.0
53702,60.0
53703,50.0
53704,100.0
53705,110.0
53706,90.0
53707,60.0
53708,40.0
53709,85.0
53710,60.0
53711,95.0
53712,50.0
53713,50.0
53714,50.0
53715,155.0
53716,35.0
53717,110.0
53718,150.0
53719,65.0
53720,55.0
53721,45.0
53722,50.0
53723,70.0
53724,50.0
53725,60.0
53726,40.0
53727,80.0
53728,55.0
53729,225.0
53730,40.0
53731,155.0
53732,55.0
53733,55.0
53734,50.0
53735,40.0
53736,60.0
53737,290.0
53738,55.0
53739,100.0
53740,115.0
53741,80.0
53742,75.0
53743,70.0
53744,55.0
53745,80.0
53746,80.0
53747,100.0
53748,60.0
53749,90.0
53750,60.0
53751,50.0
53752,50.0
53753,60.0
53754,40.0
53755,90.0
53756,50.0
53757,55.0
53758,50.0
53759,100.0
53760,115.0
53761,50.0
53762,50.0
53763,70.0
53764,55.0
53765,55.0
53766,55.0
53767,85.0
53768,75.0
53769,290.0
53770,50.0
53771,65.0
53772,155.0
53773,50.0
53774,215.0
53775,70.0
53776,50.0
53777,135.0
53778,510.0
53779,50.0
53780,45.0
53781,80.0
53782,60.0
53783,50.0
53784,50.0
53785,50.0
53786,50.0
53787,60.0
53788,40.0
53789,90.0
53790,60.0
53791,55.0
53792,55.0
53793,40.0
53794,50.0
53795,50.0
53796,55.0
53797,50.0
53798,60.0
53799,60.0
53800,610.0
53801,65.0
53802,240.0
53803,65.0
53804,55.0
53805,105.0
53806,50.0
53807,50.0
53808,40.0
53809,140.0
53810,150.0
53811,45.0
53812,50.0
53813,35.0
53814,55.0
53815,145.0
53816,130.0
53817,45.0
53818,110.0
53819,60.0
53820,40.0
53821,60.0
53822,55.0
53823,130.0
53824,60.0
53825,50.0
53826,50.0
53827,85.0
53828,55.0
53829,60.0
53830,65.0
53831,140.0
53832,50.0
53833,65.0
53834,145.0
53835,50.0
53836,90.0
53837,110.0
53838,60.0
53839,480.0
53840,60.0
53841,60.0
53842,50.0
53843,45.0
53844,295.0
53845,100.0
53846,50.0
53847,75.0
53848,50.0
53849,50.0
53850,65.0
53851,55.0
53852,435.0
53853,90.0
53854,70.0
53855,55.0
53856,140.0
53857,55.0
53858,90.0
53859,60.0
53860,50.0
53861,60.0
53862,45.0
53863,65.0
53864,90.0
53865,75.0
53866,60.0
53867,50.0
53868,40.0
53869,55.0
53870,80.0
53871,45.0
53872,70.0
53873,50.0
53874,55.0
53875,50.0
53876,100.0
53877,60.0
53878,90.0
53879,60.0
53880,70.0
53881,80.0
53882,50.0
53883,70.0
53884,50.0
53885,200.0
53886,70.0
53887,110.0
53888,45.0
53889,55.0
53890,90.0
53891,50.0
53892,50.0
53893,70.0
53894,155.0
53895,50.0
53896,50.0
53897,30.0
53898,50.0
53899,130.0
53900,110.0
53901,40.0
53902,140.0
53903,565.0
53904,50.0
53905,55.0
53906,90.0
53907,105.0
53908,50.0
53909,60.0
53910,50.0
53911,105.0
53912,275.0
53913,50.0
53914,20.0
53915,55.0
53916,55.0
53917,90.0
53918,45.0
53919,120.0
53920,70.0
53921,75.0
53922,60.0
53923,50.0
53924,50.0
53925,55.0
53926,65.0
53927,60.0
53928,110.0
53929,80.0
53930,95.0
53931,50.0
53932,105.0
53933,60.0
53934,80.0
53935,215.0
53936,55.0
53937,50.0
53938,50.0
53939,60.0
53940,115.0
53941,50.0
53942,50.0
53943,65.0
53944,60.0
53945,120.0
